epoch,pid,host_cpu_pct,rss_kb,vsz_kb,cpu_time,elapsed_time,mem,command
1780129804,53975,0.0,,,00:05.17,,94M,qemu-system-aarc
1780129806,53975,0.0,,,00:08.88,,124M,qemu-system-aarc
1780129809,53975,0.0,,,00:12.46,,141M,qemu-system-aarc
1780129811,53975,0.0,,,00:15.99,,168M,qemu-system-aarc
1780129813,53975,0.0,,,00:20.23,,185M,qemu-system-aarc
1780129816,53975,0.0,,,00:23.63,,209M,qemu-system-aarc
1780129818,53975,0.0,,,00:27.19,,327M,qemu-system-aarc
1780129820,53975,0.0,,,00:30.94,,353M,qemu-system-aarc
1780129822,53975,0.0,,,00:34.43,,376M,qemu-system-aarc
1780129824,53975,0.0,,,00:37.93,,401M,qemu-system-aarc
1780129826,53975,0.0,,,00:41.49,,429M,qemu-system-aarc
1780129828,53975,0.0,,,00:45.22,,475M,qemu-system-aarc
1780129831,53975,0.0,,,00:49.35,,508M,qemu-system-aarc
1780129834,53975,0.0,,,00:53.04,,530M,qemu-system-aarc
1780129836,53975,0.0,,,00:57.26,,568M,qemu-system-aarc
1780129838,53975,0.0,,,01:00.86,,594M,qemu-system-aarc
1780129840,53975,0.0,,,01:04.41,,627M,qemu-system-aarc
1780129843,53975,0.0,,,01:08.03,,644M,qemu-system-aarc
1780129845,53975,0.0,,,01:11.63,,673M,qemu-system-aarc
1780129847,53975,0.0,,,01:15.66,,694M,qemu-system-aarc
1780129849,53975,0.0,,,01:19.27,,731M,qemu-system-aarc
1780129851,53975,0.0,,,01:23.59,,781M,qemu-system-aarc
1780129854,53975,0.0,,,01:27.54,,804M,qemu-system-aarc
1780129856,53975,,,,,,,
