epoch,pid,host_cpu_pct,rss_kb,vsz_kb,cpu_time,elapsed_time
1780139759,60285,0.4,496,410106320,0:00.00,00:00
1780139760,60285,149.6,122768,439795840,0:01.33,00:01
1780139761,60285,167.2,134048,439795840,0:02.98,00:02
1780139762,60285,175.9,153584,439795840,0:04.74,00:03
1780139763,60285,170.0,154000,439795840,0:06.46,00:04
1780139764,60285,157.2,155904,439795840,0:08.06,00:05
1780139765,60285,159.1,167248,439795840,0:09.68,00:06
1780139766,60285,167.5,212112,439795840,0:11.33,00:07
1780139768,60285,159.3,266480,439795840,0:13.01,00:09
1780139769,60285,165.7,267536,439795840,0:14.67,00:10
1780139770,60285,164.9,266688,439795840,0:16.35,00:11
1780139771,60285,167.7,265984,439795840,0:18.04,00:12
1780139772,60285,170.4,248000,439795840,0:19.74,00:13
1780139773,60285,165.3,250464,439795840,0:21.41,00:14
1780139774,60285,159.6,251216,439795840,0:22.91,00:15
1780139775,60285,163.3,253136,439795840,0:24.58,00:16
1780139776,60285,165.4,255392,439795840,0:26.26,00:17
1780139777,60285,213.3,270496,439795840,0:28.20,00:18
1780139778,60285,338.8,341216,439795840,0:31.78,00:19
1780139779,60285,267.3,436960,439795840,0:34.61,00:20
1780139780,60285,266.4,543440,439795840,0:37.52,00:21
1780139781,60285,184.8,654688,439795840,0:39.68,00:22
1780139782,60285,439.5,686304,439795840,0:43.87,00:23
1780139783,60285,317.3,659808,439795840,0:47.26,00:24
1780139784,60285,343.7,723136,439795840,0:50.81,00:25
1780139785,60285,346.5,826272,439795840,0:54.34,00:26
1780139786,60285,334.5,793712,439795840,0:57.94,00:27
1780139787,60285,391.2,835152,439795840,1:01.97,00:28
1780139788,60285,366.0,873872,439795840,1:05.34,00:29
1780139789,60285,471.5,875696,439795840,1:10.17,00:30
1780139790,60285,460.3,884992,439795840,1:14.95,00:31
1780139791,60285,568.0,897024,439795840,1:20.34,00:32
1780139792,60285,650.8,898512,439795840,1:26.94,00:33
1780139793,60285,580.1,901408,439795840,1:33.11,00:34
1780139794,60285,478.6,906768,439795840,1:38.12,00:35
1780139795,60285,442.2,819936,439795840,1:42.43,00:36
1780139796,60285,524.0,797472,439795840,1:47.53,00:37
1780139797,60285,571.9,786752,439795840,1:53.06,00:38
1780139798,60285,499.4,676896,439795840,1:58.61,00:39
1780139799,60285,532.5,741872,439795840,2:04.03,00:40
1780139800,60285,477.1,760016,439795840,2:09.06,00:41
1780139801,60285,554.5,786432,439795840,2:14.17,00:42
1780139802,60285,471.1,800912,439795840,2:19.12,00:43
1780139803,60285,426.8,791040,439795840,2:24.04,00:44
1780139804,60285,420.7,802080,439795840,2:28.57,00:45
1780139805,60285,550.5,817168,439795840,2:34.11,00:46
1780139806,60285,629.0,859040,439795840,2:40.41,00:47
1780139807,60285,553.7,845424,439795840,2:46.17,00:48
1780139808,60285,443.4,869072,439795840,2:50.91,00:49
1780139809,60285,326.7,892784,439795840,2:54.19,00:50
1780139810,60285,367.5,888656,439795840,2:57.86,00:51
1780139811,60285,354.0,901168,439795840,3:01.41,00:52
1780139812,60285,360.5,993824,439795840,3:05.09,00:53
1780139813,60285,347.3,1084448,439795840,3:08.56,00:54
1780139814,60285,337.1,1140560,439795840,3:12.00,00:55
1780139815,60285,331.6,1187632,439795840,3:15.40,00:56
1780139816,60285,300.8,1304656,439795840,3:18.65,00:57
1780139817,60285,186.2,1395200,439795840,3:21.31,00:58
1780139818,60285,236.4,1364960,439795840,3:23.71,00:59
1780139819,60285,404.7,1445664,439795840,3:27.97,01:00
1780139820,60285,303.3,1466448,439795840,3:31.48,01:01
1780139821,60285,365.6,1501648,439795840,3:35.42,01:02
1780139822,60285,299.6,1365248,439795840,3:38.69,01:03
1780139823,60285,285.1,1216208,439795840,3:41.42,01:04
1780139824,60285,140.3,1224256,439795840,3:43.13,01:05
1780139825,60285,159.5,1358576,439795840,3:44.79,01:06
1780139826,60285,407.2,1360880,439795840,3:47.74,01:07
1780139827,60285,555.3,1356528,439795840,3:53.42,01:08
1780139828,60285,556.1,1319440,439795840,3:59.02,01:09
1780139829,60285,362.5,1333024,439795840,4:03.21,01:10
1780139830,60285,465.5,1291664,439795840,4:07.87,01:11
1780139831,60285,432.0,1305536,439795840,4:12.42,01:12
1780139832,60285,460.5,1370240,439795840,4:17.03,01:13
1780139833,60285,469.0,1269840,439795840,4:21.75,01:14
1780139834,60285,237.0,1233072,439795840,4:24.29,01:15
1780139835,60285,350.4,1293344,439795840,4:27.90,01:16
1780139836,60285,488.5,1470976,439795840,4:32.20,01:17
1780139837,60285,450.3,1478368,439795840,4:36.85,01:18
1780139838,60285,447.0,1510096,439795840,4:41.36,01:20
1780139840,60285,459.3,1429536,439795840,4:45.86,01:21
1780139841,60285,471.7,1458976,439795840,4:50.70,01:22
1780139842,60285,463.0,1386624,439795840,4:55.46,01:23
1780139843,60285,514.0,978480,439795840,5:00.34,01:24
1780139844,60285,575.9,840976,439795840,5:06.12,01:25
1780139845,60285,642.3,992224,439795840,5:12.50,01:26
1780139846,60285,556.2,1132112,439795840,5:18.10,01:27
1780139847,60285,495.6,1087296,439795840,5:22.94,01:28
1780139848,60285,611.1,1007008,439795840,5:29.16,01:29
1780139849,60285,397.1,776896,439795840,5:33.63,01:30
1780139850,60285,485.1,643456,439795840,5:38.92,01:31
1780139851,60285,476.7,723744,439795840,5:43.29,01:32
1780139852,60285,507.9,793856,439795840,5:48.37,01:33
1780139853,60285,437.5,892656,439795840,5:53.03,01:34
1780139854,60285,498.1,1189008,439795840,5:57.99,01:35
1780139855,60285,343.1,1336544,439795840,6:01.92,01:36
1780139856,60285,309.9,1395344,439795840,6:04.98,01:37
1780139857,60285,607.8,1421824,439795840,6:10.57,01:38
1780139858,60285,626.7,1380224,439795840,6:17.09,01:39
1780139859,60285,632.3,1346064,439795840,6:23.49,01:40
1780139860,60285,539.5,997360,439795840,6:29.16,01:41
1780139861,60285,528.9,937248,439795840,6:34.56,01:42
1780139862,60285,520.2,988432,439795840,6:39.64,01:43
1780139863,60285,517.5,916064,439795840,6:45.17,01:44
1780139864,60285,569.0,831840,439795840,6:51.43,01:45
1780139865,60285,540.0,860160,439795840,6:57.36,01:46
1780139866,60285,480.5,894176,439795840,7:02.44,01:47
1780139867,60285,552.9,905856,439795840,7:07.93,01:48
1780139868,60285,528.5,898032,439795840,7:13.26,01:49
1780139869,60285,616.0,893312,439795840,7:19.24,01:50
1780139870,60285,568.2,968528,439795840,7:25.21,01:51
1780139871,60285,512.7,1024576,439795840,7:30.52,01:52
1780139872,60285,381.9,977008,439795840,7:34.31,01:53
1780139873,60285,469.9,871936,439795840,7:38.59,01:54
1780139874,60285,548.4,822352,439795840,7:44.18,01:55
1780139875,60285,548.9,878064,439795840,7:49.51,01:56
1780139876,60285,511.2,1092064,439795840,7:54.87,01:57
1780139877,60285,462.6,1144752,439795840,7:59.50,01:58
1780139878,60285,518.5,1223120,439795840,8:04.91,01:59
1780139879,60285,515.8,1252544,439795840,8:09.81,02:00
1780139880,60285,464.9,1279232,439795840,8:14.70,02:01
1780139881,60285,339.4,1272976,439795840,8:18.26,02:02
1780139882,60285,357.2,1243872,439795840,8:21.90,02:03
1780139883,60285,454.5,1257776,439795840,8:26.43,02:04
1780139884,60285,331.5,1328480,439795840,8:29.98,02:05
1780139885,60285,406.7,1341664,439795840,8:33.93,02:06
1780139886,60285,443.4,1350144,439795840,8:38.02,02:07
1780139887,60285,515.4,1370080,439795840,8:43.06,02:08
1780139888,60285,447.7,1386912,439795840,8:47.93,02:09
1780139889,60285,455.6,1284912,439795840,8:52.45,02:10
1780139890,60285,472.6,1267616,439795840,8:57.21,02:11
1780139891,60285,422.6,1218592,439795840,9:01.58,02:12
1780139892,60285,343.9,1186080,439795840,9:05.07,02:13
1780139893,60285,237.1,1281632,439795840,9:07.46,02:14
1780139894,60285,215.2,1362016,439795840,9:09.19,02:15
1780139895,60285,546.3,1360400,439795840,9:14.38,02:16
1780139896,60285,553.0,1296208,439795840,9:19.99,02:17
1780139897,60285,560.7,1279856,439795840,9:25.64,02:18
1780139898,60285,550.1,1272576,439795840,9:30.93,02:19
1780139899,60285,557.8,1248800,439795840,9:36.47,02:20
1780139900,60285,553.2,1210064,439795840,9:42.06,02:21
1780139901,60285,500.8,1210496,439795840,9:47.43,02:22
1780139902,60285,464.8,1188032,439795840,9:52.10,02:23
1780139903,60285,551.4,1144288,439795840,9:57.45,02:24
1780139904,60285,483.7,1265600,439795840,10:02.74,02:25
1780139905,60285,491.7,1342672,439795840,10:07.49,02:26
1780139906,60285,454.0,1260432,439795840,10:11.97,02:27
1780139908,60285,524.7,1320784,439795840,10:17.00,02:29
1780139909,60285,506.0,1359760,439795840,10:22.13,02:30
1780139910,60285,552.2,1312112,439795840,10:27.77,02:31
1780139911,60285,616.9,1297008,439795840,10:33.98,02:32
1780139912,60285,562.2,1310288,439795840,10:39.80,02:33
1780139913,60285,525.2,1331456,439795840,10:45.19,02:34
1780139914,60285,469.9,1362288,439795840,10:49.90,02:35
1780139915,60285,452.5,1409360,439795840,10:54.40,02:36
1780139916,60285,545.6,1414928,439795840,10:59.95,02:37
1780139917,60285,476.3,1424384,439795840,11:04.81,02:38
1780139918,60285,372.5,1478944,439795840,11:08.68,02:39
1780139919,60285,349.4,1493216,439795840,11:11.69,02:40
1780139920,60285,630.8,1498560,439795840,11:17.84,02:41
1780139921,60285,727.6,1507216,439795840,11:25.30,02:42
1780139922,60285,602.2,1488784,439795840,11:31.93,02:43
1780139923,60285,540.0,1494784,439795840,11:37.54,02:44
1780139924,60285,474.0,1500512,439795840,11:42.31,02:45
1780139925,60285,417.0,1311664,439795840,11:46.68,02:46
1780139926,60285,560.2,1153664,439795840,11:52.22,02:47
1780139927,60285,473.1,1154080,439795840,11:57.06,02:48
1780139928,60285,496.4,1154864,439795840,12:02.04,02:49
1780139929,60285,454.8,1173360,439795840,12:06.72,02:50
1780139930,60285,447.9,1163200,439795840,12:11.37,02:51
1780139931,60285,351.3,1148896,439795840,12:14.91,02:52
1780139932,60285,327.4,1202272,439795840,12:18.24,02:53
1780139933,60285,489.5,1206096,439795840,12:22.73,02:54
1780139934,60285,504.9,1295168,439795840,12:27.85,02:55
1780139935,60285,427.4,1227216,439795840,12:32.11,02:56
1780139936,60285,534.7,1220272,439795840,12:37.44,02:57
1780139937,60285,551.8,1165552,439795840,12:43.02,02:58
1780139938,60285,550.3,1085680,439795840,12:48.59,02:59
1780139939,60285,540.5,981824,439795840,12:54.05,03:00
1780139940,60285,546.9,1075200,439795840,12:59.63,03:01
1780139941,60285,513.6,1219376,439795840,13:05.13,03:02
1780139942,60285,444.3,1296160,439795840,13:09.62,03:03
1780139943,60285,524.0,1280496,439795840,13:14.78,03:04
1780139944,60285,569.3,1355824,439795840,13:20.80,03:05
1780139945,60285,438.8,1318000,439795840,13:25.30,03:06
1780139946,60285,354.5,1333536,439795840,13:28.87,03:07
1780139947,60285,356.2,1357520,439795840,13:32.50,03:08
1780139948,60285,514.0,1408944,439795840,13:37.19,03:09
1780139949,60285,595.9,1421696,439795840,13:43.40,03:10
1780139950,60285,564.9,1374480,439795840,13:49.15,03:11
1780139951,60285,540.8,1330928,439795840,13:54.54,03:12
1780139952,60285,474.9,1413648,439795840,13:59.60,03:13
1780139953,60285,430.8,1458864,439795840,14:03.65,03:14
1780139954,60285,357.2,1445232,439795840,14:07.25,03:15
1780139955,60285,534.6,1468992,439795840,14:12.34,03:16
1780139956,60285,544.5,1430000,439795840,14:17.96,03:17
1780139957,60285,564.3,1442352,439795840,14:23.97,03:18
1780139958,60285,473.6,1459920,439795840,14:28.68,03:19
1780139959,60285,384.0,1493296,439795840,14:32.64,03:20
1780139960,60285,273.4,1528864,439795840,14:36.23,03:21
1780139961,60285,336.1,1506032,439795840,14:39.22,03:22
1780139962,60285,397.6,1537504,439795840,14:42.96,03:23
1780139963,60285,482.7,1509440,439795840,14:48.20,03:24
1780139964,60285,467.4,1523728,439795840,14:52.88,03:25
1780139965,60285,475.5,1427184,439795840,14:57.81,03:26
1780139966,60285,453.3,1316016,439795840,15:02.30,03:27
1780139967,60285,427.6,1317952,439795840,15:06.79,03:28
1780139968,60285,401.0,1339744,439795840,15:11.15,03:29
1780139969,60285,456.7,1361472,439795840,15:15.61,03:30
1780139970,60285,326.4,1396272,439795840,15:19.29,03:31
1780139971,60285,116.2,1369616,439795840,15:20.60,03:32
1780139972,60285,108.8,1407584,439795840,15:21.98,03:33
1780139973,60285,102.4,1407792,439795840,15:23.02,03:34
1780139974,60285,101.5,1422832,439795840,15:24.05,03:35
1780139975,60285,100.1,1406128,439795840,15:25.08,03:36
1780139976,60285,101.2,1434800,439795840,15:26.12,03:37
1780139977,60285,101.8,1392032,439795840,15:27.15,03:38
1780139978,60285,104.0,1488880,439795840,15:28.20,03:39
1780139979,60285,101.3,1513216,439795840,15:29.23,03:40
1780139980,60285,101.6,1523808,439795840,15:30.27,03:41
1780139981,60285,102.9,1485136,439795840,15:31.30,03:42
1780139982,60285,101.3,1478112,439795840,15:32.34,03:43
1780139983,60285,102.5,1386544,439795840,15:33.37,03:44
1780139984,60285,102.5,1383872,439795840,15:34.40,03:45
1780139986,60285,102.4,1404976,439795840,15:35.44,03:47
1780139987,60285,102.3,1382832,439795840,15:36.47,03:48
1780139988,60285,101.5,1369600,439795840,15:37.50,03:49
1780139989,60285,103.0,1423776,439795840,15:38.54,03:50
1780139990,60285,242.7,1460512,439795840,15:40.97,03:51
1780139991,60285,207.0,1516272,439795840,15:43.16,03:52
1780139992,60285,345.9,1554464,439795840,15:46.55,03:53
1780139993,60285,248.1,1559392,439795840,15:49.23,03:54
1780139994,60285,203.4,1563648,439795840,15:51.28,03:55
1780139995,60285,261.3,1569248,439795840,15:53.62,03:56
1780139996,60285,560.1,1580576,439795840,15:59.23,03:57
1780139997,60285,518.5,1661328,439795840,16:04.77,03:58
1780139998,60285,541.0,1662512,439795840,16:10.29,03:59
1780139999,60285,457.3,1307408,439795840,16:14.79,04:00
1780140000,60285,448.9,1044480,439795840,16:19.34,04:01
1780140001,60285,374.4,1074576,439795840,16:23.05,04:02
1780140002,60285,299.1,1109504,439795840,16:26.46,04:03
1780140003,60285,614.6,934816,439795840,16:32.48,04:04
1780140004,60285,586.1,1024832,439795840,16:38.89,04:05
1780140005,60285,271.5,1092000,439795840,16:41.66,04:06
1780140006,60285,458.4,1097648,439795840,16:45.91,04:07
1780140007,60285,322.7,1103696,439795840,16:49.36,04:08
1780140008,60285,544.6,1032672,439795840,16:54.65,04:09
1780140009,60285,557.6,968544,439795840,17:00.30,04:10
1780140010,60285,481.1,969328,439795840,17:05.24,04:11
1780140011,60285,408.1,969920,439795840,17:09.21,04:12
1780140012,60285,522.0,964784,439795840,17:14.47,04:13
1780140013,60285,550.8,955456,439795840,17:20.25,04:14
1780140014,60285,644.1,947920,439795840,17:26.82,04:15
1780140015,60285,455.2,1062992,439795840,17:31.18,04:16
1780140016,60285,482.5,1100816,439795840,17:35.84,04:17
1780140017,60285,572.6,1127456,439795840,17:41.18,04:18
1780140018,60285,450.6,1122320,439795840,17:45.62,04:19
1780140019,60285,473.6,1128224,439795840,17:50.40,04:20
1780140020,60285,474.5,1132384,439795840,17:55.19,04:21
1780140021,60285,359.3,1136592,439795840,17:58.85,04:22
1780140022,60285,427.5,1137760,439795840,18:02.83,04:23
1780140023,60285,552.4,1137200,439795840,18:08.29,04:24
1780140024,60285,652.7,1137408,439795840,18:14.88,04:25
1780140025,60285,561.8,1138112,439795840,18:20.48,04:26
1780140026,60285,428.9,1021280,439795840,18:25.12,04:27
1780140027,60285,448.5,884704,439795840,18:29.72,04:28
1780140028,60285,549.4,947552,439795840,18:34.95,04:29
1780140029,60285,533.6,1025872,439795840,18:40.41,04:30
1780140030,60285,561.0,1045776,439795840,18:46.09,04:31
1780140031,60285,548.6,1059936,439795840,18:51.71,04:32
1780140032,60285,467.2,1097296,439795840,18:56.82,04:33
1780140033,60285,402.4,1098928,439795840,19:01.15,04:34
1780140034,60285,399.4,1106400,439796400,19:05.72,04:35
1780140035,60285,471.6,1130896,439796400,19:10.56,04:36
1780140036,60285,367.0,1133792,439796400,19:14.47,04:37
1780140037,60285,314.2,1132976,439796400,19:17.62,04:38
1780140038,60285,473.3,1112016,439796400,19:22.50,04:39
1780140039,60285,551.1,1091712,439796400,19:27.80,04:40
1780140040,60285,522.5,1101968,439796400,19:32.72,04:41
1780140041,60285,516.4,1105232,439796400,19:38.47,04:42
1780140042,60285,470.8,1096480,439796400,19:43.21,04:43
1780140043,60285,474.6,1064960,439796400,19:47.97,04:44
1780140044,60285,319.3,1074464,439796400,19:51.62,04:45
1780140045,60285,379.8,1074352,439796400,19:55.73,04:46
1780140046,60285,135.7,1083440,439796400,19:57.53,04:47
1780140047,60285,127.6,1089680,439796400,19:58.82,04:48
1780140048,60285,105.5,1088672,439796400,19:59.89,04:49
1780140049,60285,103.1,1087232,439796400,20:00.95,04:50
1780140050,60285,106.5,1109008,439796400,20:02.01,04:51
1780140051,60285,300.0,1171440,439796400,20:04.33,04:52
1780140052,60285,455.8,1172000,439796400,20:08.68,04:53
1780140053,60285,470.5,1167088,439796400,20:13.39,04:54
1780140054,60285,473.5,1175392,439796400,20:18.12,04:55
1780140055,60285,509.6,1178656,439796400,20:22.92,04:56
1780140056,60285,241.3,1179600,439796400,20:26.02,04:57
1780140057,60285,391.5,1181456,439796400,20:30.18,04:58
1780140058,60285,341.5,1181040,439796400,20:33.64,04:59
1780140059,60285,281.3,1170784,439796400,20:36.76,05:00
1780140060,60285,356.8,1134800,439796400,20:40.27,05:01
1780140061,60285,370.4,1125648,439796400,20:44.09,05:02
1780140062,60285,614.9,1127840,439796400,20:50.03,05:03
1780140063,60285,636.7,1117744,439796400,20:56.44,05:04
1780140064,60285,574.3,1158624,439796400,21:02.33,05:05
1780140065,60285,655.4,1162752,439796400,21:08.90,05:06
1780140066,60285,572.0,1165904,439796400,21:14.65,05:07
1780140067,60285,553.7,1149248,439796400,21:20.00,05:08
1780140069,60285,587.9,1115136,439796400,21:25.82,05:10
1780140070,60285,659.8,1125152,439796400,21:32.54,05:11
1780140071,60285,563.6,1126624,439796400,21:38.49,05:12
1780140072,60285,532.5,1131008,439796400,21:43.56,05:13
1780140073,60285,475.8,1079248,439796400,21:48.30,05:14
1780140074,60285,567.2,1083648,439796400,21:54.08,05:15
1780140075,60285,534.0,1075392,439796400,21:59.72,05:16
1780140076,60285,525.4,1119200,439796400,22:05.31,05:17
1780140077,60285,371.4,1186704,439796400,22:09.53,05:18
1780140078,60285,588.6,1195568,439796400,22:14.45,05:19
1780140079,60285,571.3,1209248,439796400,22:20.23,05:20
1780140080,60285,570.2,1214976,439796400,22:26.02,05:21
1780140081,60285,541.6,1220048,439796400,22:31.40,05:22
1780140082,60285,567.1,1222624,439796400,22:37.15,05:23
1780140083,60285,383.8,1209264,439796400,22:41.49,05:24
1780140084,60285,447.6,1205744,439796400,22:45.64,05:25
1780140085,60285,674.3,1208080,439796400,22:52.19,05:26
1780140086,60285,521.7,1039584,439796400,22:58.39,05:27
1780140087,60285,460.3,1005584,439796400,23:03.31,05:28
1780140088,60285,444.8,1003760,439796400,23:07.97,05:29
1780140089,60285,526.0,1054208,439796400,23:13.27,05:30
1780140090,60285,471.1,1066112,439796400,23:18.18,05:31
1780140091,60285,479.5,1080144,439796400,23:23.05,05:32
1780140092,60285,475.2,1094288,439796400,23:27.87,05:33
1780140093,60285,564.6,1095424,439796400,23:33.68,05:34
1780140094,60285,484.7,1099904,439796400,23:38.90,05:35
1780140095,60285,405.7,1101664,439796400,23:42.93,05:36
1780140096,60285,464.0,1104480,439796400,23:47.63,05:37
1780140097,60285,523.1,1105728,439796400,23:52.43,05:38
1780140098,60285,560.2,1037296,439796400,23:58.14,05:39
1780140099,60285,606.5,1016656,439796400,24:04.09,05:40
1780140100,60285,594.4,860352,439796400,24:10.37,05:41
1780140101,60285,647.4,881760,439796400,24:15.93,05:42
1780140102,60285,693.1,903056,439796400,24:23.03,05:43
1780140103,60285,655.3,931536,439796400,24:29.64,05:44
1780140104,60285,571.3,1020208,439796400,24:35.48,05:45
1780140105,60285,508.0,1022768,439796400,24:40.88,05:46
1780140106,60285,479.6,1042016,439796400,24:45.73,05:47
1780140107,60285,486.2,1047856,439796400,24:50.66,05:48
1780140108,60285,462.2,1084288,439796400,24:55.35,05:49
1780140109,60285,504.0,1182192,439796400,25:00.07,05:50
1780140110,60285,461.7,1174048,439796400,25:04.85,05:51
1780140111,60285,492.3,1167456,439796400,25:09.45,05:52
1780140112,60285,518.2,1161888,439796400,25:14.95,05:53
1780140113,60285,445.0,1061312,439796400,25:19.44,05:54
1780140114,60285,534.3,1016864,439796400,25:24.50,05:55
1780140115,60285,575.4,1072000,439796400,25:30.51,05:56
1780140116,60285,562.8,1107472,439796400,25:36.02,05:57
1780140117,60285,713.4,1121392,439796400,25:42.69,05:58
1780140118,60285,588.7,1098160,439796400,25:49.54,05:59
1780140119,60285,628.4,1082176,439796400,25:56.04,06:00
1780140120,60285,487.5,1105360,439796400,26:01.09,06:01
1780140121,60285,519.4,1181184,439796400,26:06.64,06:02
1780140122,60285,445.5,1122608,439796400,26:11.39,06:03
1780140123,60285,298.3,1112464,439796400,26:14.93,06:04
1780140124,60285,195.0,1241648,439796400,26:17.47,06:05
1780140125,60285,326.9,1254864,439796400,26:20.37,06:06
1780140126,60285,631.8,1265568,439796400,26:26.15,06:07
1780140127,60285,569.8,1264400,439796400,26:32.03,06:08
1780140128,60285,570.1,1262960,439796400,26:37.96,06:09
1780140129,60285,485.3,1272272,439796400,26:42.96,06:10
1780140130,60285,472.7,1275920,439796400,26:47.39,06:11
1780140131,60285,397.8,1276816,439796400,26:51.21,06:12
1780140132,60285,564.9,1277392,439796400,26:56.59,06:13
1780140133,60285,566.6,1277776,439796400,27:02.33,06:14
1780140134,60285,520.3,1279984,439796400,27:07.78,06:15
1780140135,60285,563.5,1281680,439796400,27:13.38,06:16
1780140136,60285,491.3,1282224,439796400,27:18.58,06:17
1780140137,60285,478.3,1283664,439796400,27:23.75,06:18
1780140139,60285,521.2,1379120,439796400,27:29.25,06:20
1780140140,60285,459.1,1443776,439796400,27:33.52,06:21
1780140141,60285,527.9,1483040,439796400,27:38.91,06:22
1780140142,60285,618.6,1484608,439796400,27:45.12,06:23
1780140143,60285,567.5,1455856,439796400,27:50.94,06:24
1780140144,60285,614.5,1221296,439796400,27:56.75,06:25
1780140145,60285,571.5,1230208,439796400,28:02.01,06:26
1780140146,60285,548.9,1243808,439796400,28:07.68,06:27
1780140147,60285,553.1,993280,439796400,28:12.82,06:28
1780140148,60285,661.6,1031088,439796400,28:19.09,06:29
1780140149,60285,613.4,1031248,439796400,28:25.74,06:30
1780140150,60285,524.0,1057488,439796400,28:31.23,06:31
1780140151,60285,467.1,1024464,439796400,28:36.00,06:32
1780140152,60285,587.0,1046992,439796400,28:41.71,06:33
1780140153,60285,534.5,1080144,439796400,28:47.61,06:34
1780140154,60285,652.6,1102848,439796400,28:54.45,06:35
1780140155,60285,587.5,1115888,439796400,29:00.71,06:36
1780140156,60285,558.8,1217424,439796400,29:06.39,06:37
1780140157,60285,534.7,1218512,439796400,29:12.00,06:38
1780140158,60285,536.5,1130080,439796400,29:17.05,06:39
1780140159,60285,587.6,1135680,439796400,29:22.92,06:40
1780140160,60285,570.0,1169632,439796400,29:28.61,06:41
1780140161,60285,552.8,1189728,439796400,29:33.93,06:42
1780140162,60285,507.7,1209744,439796400,29:38.84,06:43
1780140163,60285,574.1,1216320,439796400,29:44.70,06:44
1780140164,60285,653.3,1245104,439796400,29:51.15,06:45
1780140165,60285,589.0,1267872,439796400,29:57.44,06:46
1780140166,60285,572.0,1273744,439796400,30:03.16,06:47
1780140167,60285,411.5,1275344,439796400,30:07.89,06:48
1780140168,60285,508.0,1254288,439796400,30:12.50,06:49
1780140169,60285,510.8,1253264,439796400,30:17.98,06:50
1780140170,60285,534.1,1131360,439796400,30:23.06,06:51
1780140171,60285,473.9,1060912,439796400,30:28.03,06:52
1780140172,60285,551.9,964912,439796400,30:33.40,06:53
1780140173,60285,532.2,768304,439796400,30:38.56,06:54
1780140174,60285,628.7,764112,439796400,30:44.76,06:55
1780140175,60285,554.1,770832,439796400,30:50.32,06:56
1780140176,60285,567.8,802480,439796400,30:56.01,06:57
1780140177,60285,501.3,862528,439796400,31:01.36,06:58
1780140178,60285,553.2,974016,439796400,31:06.72,06:59
1780140179,60285,552.6,1051664,439796400,31:12.25,07:00
1780140180,60285,319.4,1062464,439796400,31:16.04,07:01
1780140181,60285,301.0,1071648,439796400,31:19.15,07:02
1780140182,60285,264.8,1076144,439796400,31:22.06,07:03
1780140183,60285,217.8,1111680,439796400,31:24.25,07:04
1780140184,60285,202.2,1122656,439796400,31:26.35,07:05
1780140185,60285,200.1,1123664,439796400,31:28.39,07:06
1780140186,60285,200.3,1123824,439796400,31:30.43,07:07
1780140187,60285,202.9,1128112,439796400,31:32.48,07:08
1780140188,60285,200.0,1130944,439796400,31:34.52,07:09
1780140189,60285,203.2,1134016,439796400,31:36.59,07:10
1780140190,60285,207.0,1137264,439796400,31:38.68,07:11
1780140191,60285,201.6,1151584,439796400,31:40.72,07:12
1780140192,60285,201.1,1170672,439796400,31:42.76,07:13
1780140193,60285,151.8,1181376,439796400,31:44.51,07:14
1780140194,60285,104.3,1180784,439796400,31:45.54,07:15
1780140195,60285,142.7,1180720,439796400,31:46.73,07:16
1780140196,60285,198.4,1179152,439796400,31:48.76,07:17
1780140197,60285,200.6,1177632,439796400,31:50.80,07:18
1780140198,60285,202.8,1120256,439796400,31:52.85,07:19
1780140199,60285,202.9,1135984,439796400,31:54.89,07:20
1780140200,60285,233.0,1167056,439796400,31:57.08,07:21
1780140201,60285,220.2,1189168,439796400,31:59.47,07:22
1780140202,60285,202.8,1195776,439796400,32:01.51,07:23
1780140203,60285,201.3,1198160,439796400,32:03.56,07:24
1780140204,60285,202.7,1199728,439796400,32:05.59,07:25
1780140205,60285,202.2,1200176,439796400,32:07.64,07:26
1780140206,60285,201.1,1058912,439796400,32:09.67,07:27
1780140207,60285,201.9,1059024,439796400,32:11.71,07:28
1780140208,60285,198.9,923680,439796400,32:13.75,07:29
1780140209,60285,200.4,843984,439796400,32:15.79,07:30
1780140210,60285,201.6,844096,439796400,32:17.83,07:31
1780140211,60285,202.1,834608,439796400,32:19.87,07:32
1780140212,60285,201.3,805696,439796400,32:21.92,07:33
1780140213,60285,200.0,799536,439796400,32:23.96,07:34
1780140214,60285,198.6,799888,439796400,32:26.00,07:35
1780140215,60285,200.7,800000,439796400,32:28.03,07:36
1780140216,60285,197.5,692896,439796400,32:30.06,07:37
1780140217,60285,200.0,698992,439796400,32:32.10,07:38
1780140218,60285,199.6,700304,439796400,32:34.14,07:39
1780140219,60285,199.5,703424,439796400,32:36.18,07:40
1780140221,60285,200.5,712944,439795280,32:38.21,07:42
1780140222,60285,199.6,720064,439795280,32:40.26,07:43
1780140223,60285,202.0,721696,439795840,32:42.30,07:44
1780140224,60285,201.6,721808,439795840,32:44.34,07:45
1780140225,60285,202.4,723600,439795840,32:46.38,07:46
1780140226,60285,200.7,724032,439795840,32:48.42,07:47
1780140227,60285,200.4,724064,439795840,32:50.47,07:48
1780140228,60285,200.0,723968,439795840,32:52.52,07:49
1780140229,60285,200.1,723904,439795840,32:54.54,07:50
1780140230,60285,192.8,640880,439795840,32:56.52,07:51
1780140231,60285,203.2,642656,439795840,32:58.58,07:52
1780140232,60285,201.3,641008,439795840,33:00.62,07:53
1780140233,60285,200.3,641008,439795840,33:02.67,07:54
1780140234,60285,202.7,638128,439795840,33:04.71,07:55
1780140235,60285,198.8,634400,439795840,33:06.75,07:56
1780140236,60285,201.1,633040,439795840,33:08.79,07:57
1780140237,60285,200.6,633040,439795840,33:10.83,07:58
1780140238,60285,201.1,634528,439795840,33:12.90,07:59
1780140239,60285,199.9,634576,439795840,33:14.94,08:00
1780140240,60285,200.6,635984,439795840,33:16.99,08:01
1780140241,60285,200.1,644368,439795840,33:19.02,08:02
1780140242,60285,200.0,657872,439795840,33:21.07,08:03
1780140243,60285,200.9,669968,439795840,33:23.11,08:04
1780140244,60285,202.6,682272,439795840,33:25.14,08:05
1780140245,60285,202.5,692368,439795840,33:27.17,08:06
1780140246,60285,202.6,706976,439795840,33:29.21,08:07
1780140247,60285,202.3,710000,439795840,33:31.25,08:08
1780140248,60285,202.3,725024,439795840,33:33.29,08:09
1780140249,60285,200.3,722272,439795840,33:35.33,08:10
1780140250,60285,199.5,734976,439795840,33:37.38,08:11
1780140251,60285,199.9,749056,439795840,33:39.40,08:12
1780140252,60285,199.8,754544,439795840,33:41.45,08:13
1780140253,60285,202.6,764720,439795840,33:43.49,08:14
1780140254,60285,203.0,781952,439795840,33:45.53,08:15
1780140255,60285,200.4,791520,439795840,33:47.57,08:16
1780140256,60285,203.5,802560,439795840,33:49.63,08:17
1780140257,60285,203.2,812848,439795840,33:51.68,08:18
1780140258,60285,203.5,817264,439795840,33:53.74,08:19
1780140259,60285,201.1,828768,439795840,33:55.80,08:20
1780140260,60285,201.2,838320,439795840,33:57.85,08:21
1780140261,60285,201.1,854448,439795840,33:59.88,08:22
1780140262,60285,203.6,864112,439795840,34:01.94,08:23
1780140263,60285,202.2,871568,439795840,34:03.99,08:24
1780140264,60285,203.0,876176,439795840,34:06.03,08:25
1780140265,60285,202.3,889488,439795840,34:08.08,08:26
1780140266,60285,198.5,815328,439795840,34:10.10,08:27
1780140267,60285,202.8,830368,439795840,34:12.15,08:28
1780140268,60285,202.6,836384,439795840,34:14.20,08:29
1780140269,60285,202.0,842176,439795840,34:16.23,08:30
1780140270,60285,201.5,796656,439795840,34:18.28,08:31
1780140271,60285,203.4,807328,439795840,34:20.33,08:32
1780140272,60285,195.1,731904,439795840,34:22.30,08:33
1780140273,60285,203.5,671808,439795840,34:24.36,08:34
1780140274,60285,203.2,684176,439795840,34:26.43,08:35
1780140275,60285,202.3,694448,439795840,34:28.49,08:36
1780140276,60285,202.3,680560,439795840,34:30.53,08:37
1780140277,60285,202.1,694992,439795840,34:32.58,08:38
1780140278,60285,203.9,679552,439795840,34:34.64,08:39
1780140279,60285,203.2,651232,439795840,34:36.70,08:40
1780140280,60285,200.3,664208,439795840,34:38.77,08:41
1780140281,60285,203.9,675920,439795280,34:40.84,08:42
1780140282,60285,202.6,682912,439795840,34:42.90,08:43
1780140283,60285,204.5,681616,439795840,34:44.97,08:44
1780140284,60285,202.2,688640,439795840,34:47.04,08:45
1780140285,60285,204.0,698608,439795840,34:49.11,08:46
1780140286,60285,204.0,709504,439795840,34:51.17,08:47
1780140287,60285,204.1,716848,439795840,34:53.23,08:48
1780140288,60285,204.0,724384,439795840,34:55.29,08:49
1780140289,60285,201.6,710640,439795840,34:57.36,08:50
1780140290,60285,202.9,719424,439795840,34:59.42,08:51
1780140291,60285,203.7,732608,439795840,35:01.47,08:52
1780140292,60285,204.4,742160,439795280,35:03.53,08:53
1780140293,60285,204.2,747536,439795280,35:05.61,08:54
1780140294,60285,203.5,753664,439795280,35:07.67,08:55
1780140295,60285,202.8,761936,439795280,35:09.74,08:56
1780140296,60285,203.0,769376,439795280,35:11.80,08:57
1780140297,60285,202.0,779920,439795280,35:13.85,08:58
1780140298,60285,201.9,790688,439795840,35:15.92,08:59
1780140299,60285,201.6,798496,439795840,35:17.98,09:00
1780140300,60285,203.9,806800,439795840,35:20.04,09:01
1780140301,60285,203.3,815472,439795840,35:22.12,09:02
1780140303,60285,203.2,824224,439795840,35:24.18,09:04
1780140304,60285,200.7,954192,439795840,35:26.25,09:05
1780140305,60285,204.0,1139456,439795840,35:28.31,09:06
1780140306,60285,200.5,1139776,439795840,35:30.37,09:07
1780140307,60285,201.9,1159440,439795840,35:32.44,09:08
1780140308,60285,201.3,1160320,439795840,35:34.51,09:09
1780140309,60285,203.1,1160608,439795840,35:36.58,09:10
1780140310,60285,178.0,1281552,439795840,35:38.58,09:11
1780140311,60285,159.8,1334720,439795840,35:40.20,09:12
1780140312,60285,129.8,1394704,439795840,35:41.68,09:13
1780140313,60285,102.1,1339152,439795840,35:42.73,09:14
