second_end,epoch_start,epoch_end,wall_delta_s,qemu_cpu_delta_s,host_cpu_pct,host_ps_cpu_pct_end,normalized_8vcpu_pct,busy_vcpu_equiv,rss_mb_end,vsz_mb_end
1,1780139760,1780139761,1,1.6500,165.00,167.20,20.62,1.65,130.91,429488.12
2,1780139761,1780139762,1,1.7600,176.00,175.90,22.00,1.76,149.98,429488.12
3,1780139762,1780139763,1,1.7200,172.00,170.00,21.50,1.72,150.39,429488.12
4,1780139763,1780139764,1,1.6000,160.00,157.20,20.00,1.60,152.25,429488.12
5,1780139764,1780139765,1,1.6200,162.00,159.10,20.25,1.62,163.33,429488.12
6,1780139765,1780139766,1,1.6500,165.00,167.50,20.63,1.65,207.14,429488.12
8,1780139766,1780139768,2,1.6800,84.00,159.30,10.50,0.84,260.23,429488.12
9,1780139768,1780139769,1,1.6600,166.00,165.70,20.75,1.66,261.27,429488.12
10,1780139769,1780139770,1,1.6800,168.00,164.90,21.00,1.68,260.44,429488.12
11,1780139770,1780139771,1,1.6900,169.00,167.70,21.12,1.69,259.75,429488.12
12,1780139771,1780139772,1,1.7000,170.00,170.40,21.25,1.70,242.19,429488.12
13,1780139772,1780139773,1,1.6700,167.00,165.30,20.88,1.67,244.59,429488.12
14,1780139773,1780139774,1,1.5000,150.00,159.60,18.75,1.50,245.33,429488.12
15,1780139774,1780139775,1,1.6700,167.00,163.30,20.87,1.67,247.20,429488.12
16,1780139775,1780139776,1,1.6800,168.00,165.40,21.00,1.68,249.41,429488.12
17,1780139776,1780139777,1,1.9400,194.00,213.30,24.25,1.94,264.16,429488.12
18,1780139777,1780139778,1,3.5800,358.00,338.80,44.75,3.58,333.22,429488.12
19,1780139778,1780139779,1,2.8300,283.00,267.30,35.37,2.83,426.72,429488.12
20,1780139779,1780139780,1,2.9100,291.00,266.40,36.38,2.91,530.70,429488.12
21,1780139780,1780139781,1,2.1600,216.00,184.80,27.00,2.16,639.34,429488.12
22,1780139781,1780139782,1,4.1900,419.00,439.50,52.37,4.19,670.22,429488.12
23,1780139782,1780139783,1,3.3900,339.00,317.30,42.38,3.39,644.34,429488.12
24,1780139783,1780139784,1,3.5500,355.00,343.70,44.38,3.55,706.19,429488.12
25,1780139784,1780139785,1,3.5300,353.00,346.50,44.13,3.53,806.91,429488.12
26,1780139785,1780139786,1,3.6000,360.00,334.50,45.00,3.60,775.11,429488.12
27,1780139786,1780139787,1,4.0300,403.00,391.20,50.38,4.03,815.58,429488.12
28,1780139787,1780139788,1,3.3700,337.00,366.00,42.13,3.37,853.39,429488.12
29,1780139788,1780139789,1,4.8300,483.00,471.50,60.37,4.83,855.17,429488.12
30,1780139789,1780139790,1,4.7800,478.00,460.30,59.75,4.78,864.25,429488.12
31,1780139790,1780139791,1,5.3900,539.00,568.00,67.38,5.39,876.00,429488.12
32,1780139791,1780139792,1,6.6000,660.00,650.80,82.50,6.60,877.45,429488.12
33,1780139792,1780139793,1,6.1700,617.00,580.10,77.13,6.17,880.28,429488.12
34,1780139793,1780139794,1,5.0100,501.00,478.60,62.63,5.01,885.52,429488.12
35,1780139794,1780139795,1,4.3100,431.00,442.20,53.88,4.31,800.72,429488.12
36,1780139795,1780139796,1,5.1000,510.00,524.00,63.75,5.10,778.78,429488.12
37,1780139796,1780139797,1,5.5300,553.00,571.90,69.13,5.53,768.31,429488.12
38,1780139797,1780139798,1,5.5500,555.00,499.40,69.37,5.55,661.03,429488.12
39,1780139798,1780139799,1,5.4200,542.00,532.50,67.75,5.42,724.48,429488.12
40,1780139799,1780139800,1,5.0300,503.00,477.10,62.88,5.03,742.20,429488.12
41,1780139800,1780139801,1,5.1100,511.00,554.50,63.87,5.11,768.00,429488.12
42,1780139801,1780139802,1,4.9500,495.00,471.10,61.88,4.95,782.14,429488.12
43,1780139802,1780139803,1,4.9200,492.00,426.80,61.50,4.92,772.50,429488.12
44,1780139803,1780139804,1,4.5300,453.00,420.70,56.63,4.53,783.28,429488.12
45,1780139804,1780139805,1,5.5400,554.00,550.50,69.25,5.54,798.02,429488.12
46,1780139805,1780139806,1,6.3000,630.00,629.00,78.75,6.30,838.91,429488.12
47,1780139806,1780139807,1,5.7600,576.00,553.70,72.00,5.76,825.61,429488.12
48,1780139807,1780139808,1,4.7400,474.00,443.40,59.25,4.74,848.70,429488.12
49,1780139808,1780139809,1,3.2800,328.00,326.70,41.00,3.28,871.86,429488.12
50,1780139809,1780139810,1,3.6700,367.00,367.50,45.88,3.67,867.83,429488.12
51,1780139810,1780139811,1,3.5500,355.00,354.00,44.37,3.55,880.05,429488.12
52,1780139811,1780139812,1,3.6800,368.00,360.50,46.00,3.68,970.53,429488.12
53,1780139812,1780139813,1,3.4700,347.00,347.30,43.37,3.47,1059.03,429488.12
54,1780139813,1780139814,1,3.4400,344.00,337.10,43.00,3.44,1113.83,429488.12
55,1780139814,1780139815,1,3.4000,340.00,331.60,42.50,3.40,1159.80,429488.12
56,1780139815,1780139816,1,3.2500,325.00,300.80,40.62,3.25,1274.08,429488.12
57,1780139816,1780139817,1,2.6600,266.00,186.20,33.25,2.66,1362.50,429488.12
58,1780139817,1780139818,1,2.4000,240.00,236.40,30.00,2.40,1332.97,429488.12
59,1780139818,1780139819,1,4.2600,426.00,404.70,53.25,4.26,1411.78,429488.12
60,1780139819,1780139820,1,3.5100,351.00,303.30,43.87,3.51,1432.08,429488.12
61,1780139820,1780139821,1,3.9400,394.00,365.60,49.25,3.94,1466.45,429488.12
62,1780139821,1780139822,1,3.2700,327.00,299.60,40.87,3.27,1333.25,429488.12
63,1780139822,1780139823,1,2.7300,273.00,285.10,34.13,2.73,1187.70,429488.12
64,1780139823,1780139824,1,1.7100,171.00,140.30,21.37,1.71,1195.56,429488.12
65,1780139824,1780139825,1,1.6600,166.00,159.50,20.75,1.66,1326.73,429488.12
66,1780139825,1780139826,1,2.9500,295.00,407.20,36.88,2.95,1328.98,429488.12
67,1780139826,1780139827,1,5.6800,568.00,555.30,71.00,5.68,1324.73,429488.12
68,1780139827,1780139828,1,5.6000,560.00,556.10,70.00,5.60,1288.52,429488.12
69,1780139828,1780139829,1,4.1900,419.00,362.50,52.37,4.19,1301.78,429488.12
70,1780139829,1780139830,1,4.6600,466.00,465.50,58.25,4.66,1261.39,429488.12
71,1780139830,1780139831,1,4.5500,455.00,432.00,56.87,4.55,1274.94,429488.12
72,1780139831,1780139832,1,4.6100,461.00,460.50,57.62,4.61,1338.12,429488.12
73,1780139832,1780139833,1,4.7200,472.00,469.00,59.00,4.72,1240.08,429488.12
74,1780139833,1780139834,1,2.5400,254.00,237.00,31.75,2.54,1204.17,429488.12
75,1780139834,1780139835,1,3.6100,361.00,350.40,45.12,3.61,1263.03,429488.12
76,1780139835,1780139836,1,4.3000,430.00,488.50,53.75,4.30,1436.50,429488.12
77,1780139836,1780139837,1,4.6500,465.00,450.30,58.13,4.65,1443.72,429488.12
78,1780139837,1780139838,1,4.5100,451.00,447.00,56.37,4.51,1474.70,429488.12
80,1780139838,1780139840,2,4.5000,225.00,459.30,28.12,2.25,1396.03,429488.12
81,1780139840,1780139841,1,4.8400,484.00,471.70,60.50,4.84,1424.78,429488.12
82,1780139841,1780139842,1,4.7600,476.00,463.00,59.50,4.76,1354.12,429488.12
83,1780139842,1780139843,1,4.8800,488.00,514.00,61.00,4.88,955.55,429488.12
84,1780139843,1780139844,1,5.7800,578.00,575.90,72.25,5.78,821.27,429488.12
85,1780139844,1780139845,1,6.3800,638.00,642.30,79.75,6.38,968.97,429488.12
86,1780139845,1780139846,1,5.6000,560.00,556.20,70.00,5.60,1105.58,429488.12
87,1780139846,1780139847,1,4.8400,484.00,495.60,60.50,4.84,1061.81,429488.12
88,1780139847,1780139848,1,6.2200,622.00,611.10,77.75,6.22,983.41,429488.12
89,1780139848,1780139849,1,4.4700,447.00,397.10,55.87,4.47,758.69,429488.12
90,1780139849,1780139850,1,5.2900,529.00,485.10,66.13,5.29,628.38,429488.12
91,1780139850,1780139851,1,4.3700,437.00,476.70,54.63,4.37,706.78,429488.12
92,1780139851,1780139852,1,5.0800,508.00,507.90,63.50,5.08,775.25,429488.12
93,1780139852,1780139853,1,4.6600,466.00,437.50,58.25,4.66,871.73,429488.12
94,1780139853,1780139854,1,4.9600,496.00,498.10,62.00,4.96,1161.14,429488.12
95,1780139854,1780139855,1,3.9300,393.00,343.10,49.13,3.93,1305.22,429488.12
96,1780139855,1780139856,1,3.0600,306.00,309.90,38.25,3.06,1362.64,429488.12
97,1780139856,1780139857,1,5.5900,559.00,607.80,69.87,5.59,1388.50,429488.12
98,1780139857,1780139858,1,6.5200,652.00,626.70,81.50,6.52,1347.88,429488.12
99,1780139858,1780139859,1,6.4000,640.00,632.30,80.00,6.40,1314.52,429488.12
100,1780139859,1780139860,1,5.6700,567.00,539.50,70.88,5.67,973.98,429488.12
101,1780139860,1780139861,1,5.4000,540.00,528.90,67.50,5.40,915.28,429488.12
102,1780139861,1780139862,1,5.0800,508.00,520.20,63.50,5.08,965.27,429488.12
103,1780139862,1780139863,1,5.5300,553.00,517.50,69.13,5.53,894.59,429488.12
104,1780139863,1780139864,1,6.2600,626.00,569.00,78.25,6.26,812.34,429488.12
105,1780139864,1780139865,1,5.9300,593.00,540.00,74.13,5.93,840.00,429488.12
106,1780139865,1780139866,1,5.0800,508.00,480.50,63.50,5.08,873.22,429488.12
107,1780139866,1780139867,1,5.4900,549.00,552.90,68.63,5.49,884.62,429488.12
108,1780139867,1780139868,1,5.3300,533.00,528.50,66.62,5.33,876.98,429488.12
109,1780139868,1780139869,1,5.9800,598.00,616.00,74.75,5.98,872.38,429488.12
110,1780139869,1780139870,1,5.9700,597.00,568.20,74.62,5.97,945.83,429488.12
111,1780139870,1780139871,1,5.3100,531.00,512.70,66.38,5.31,1000.56,429488.12
112,1780139871,1780139872,1,3.7900,379.00,381.90,47.38,3.79,954.11,429488.12
113,1780139872,1780139873,1,4.2800,428.00,469.90,53.50,4.28,851.50,429488.12
114,1780139873,1780139874,1,5.5900,559.00,548.40,69.87,5.59,803.08,429488.12
115,1780139874,1780139875,1,5.3300,533.00,548.90,66.62,5.33,857.48,429488.12
116,1780139875,1780139876,1,5.3600,536.00,511.20,67.00,5.36,1066.47,429488.12
117,1780139876,1780139877,1,4.6300,463.00,462.60,57.87,4.63,1117.92,429488.12
118,1780139877,1780139878,1,5.4100,541.00,518.50,67.63,5.41,1194.45,429488.12
119,1780139878,1780139879,1,4.9000,490.00,515.80,61.25,4.90,1223.19,429488.12
120,1780139879,1780139880,1,4.8900,489.00,464.90,61.12,4.89,1249.25,429488.12
121,1780139880,1780139881,1,3.5600,356.00,339.40,44.50,3.56,1243.14,429488.12
122,1780139881,1780139882,1,3.6400,364.00,357.20,45.50,3.64,1214.72,429488.12
123,1780139882,1780139883,1,4.5300,453.00,454.50,56.63,4.53,1228.30,429488.12
124,1780139883,1780139884,1,3.5500,355.00,331.50,44.38,3.55,1297.34,429488.12
125,1780139884,1780139885,1,3.9500,395.00,406.70,49.37,3.95,1310.22,429488.12
126,1780139885,1780139886,1,4.0900,409.00,443.40,51.13,4.09,1318.50,429488.12
127,1780139886,1780139887,1,5.0400,504.00,515.40,63.00,5.04,1337.97,429488.12
128,1780139887,1780139888,1,4.8700,487.00,447.70,60.88,4.87,1354.41,429488.12
129,1780139888,1780139889,1,4.5200,452.00,455.60,56.50,4.52,1254.80,429488.12
130,1780139889,1780139890,1,4.7600,476.00,472.60,59.50,4.76,1237.91,429488.12
131,1780139890,1780139891,1,4.3700,437.00,422.60,54.63,4.37,1190.03,429488.12
132,1780139891,1780139892,1,3.4900,349.00,343.90,43.63,3.49,1158.28,429488.12
133,1780139892,1780139893,1,2.3900,239.00,237.10,29.87,2.39,1251.59,429488.12
134,1780139893,1780139894,1,1.7300,173.00,215.20,21.63,1.73,1330.09,429488.12
135,1780139894,1780139895,1,5.1900,519.00,546.30,64.87,5.19,1328.52,429488.12
136,1780139895,1780139896,1,5.6100,561.00,553.00,70.13,5.61,1265.83,429488.12
137,1780139896,1780139897,1,5.6500,565.00,560.70,70.62,5.65,1249.86,429488.12
138,1780139897,1780139898,1,5.2900,529.00,550.10,66.12,5.29,1242.75,429488.12
139,1780139898,1780139899,1,5.5400,554.00,557.80,69.25,5.54,1219.53,429488.12
140,1780139899,1780139900,1,5.5900,559.00,553.20,69.87,5.59,1181.70,429488.12
141,1780139900,1780139901,1,5.3700,537.00,500.80,67.13,5.37,1182.12,429488.12
142,1780139901,1780139902,1,4.6700,467.00,464.80,58.38,4.67,1160.19,429488.12
143,1780139902,1780139903,1,5.3500,535.00,551.40,66.88,5.35,1117.47,429488.12
144,1780139903,1780139904,1,5.2900,529.00,483.70,66.12,5.29,1235.94,429488.12
145,1780139904,1780139905,1,4.7500,475.00,491.70,59.38,4.75,1311.20,429488.12
146,1780139905,1780139906,1,4.4800,448.00,454.00,56.00,4.48,1230.89,429488.12
148,1780139906,1780139908,2,5.0300,251.50,524.70,31.44,2.51,1289.83,429488.12
149,1780139908,1780139909,1,5.1300,513.00,506.00,64.12,5.13,1327.89,429488.12
150,1780139909,1780139910,1,5.6400,564.00,552.20,70.50,5.64,1281.36,429488.12
151,1780139910,1780139911,1,6.2100,621.00,616.90,77.63,6.21,1266.61,429488.12
152,1780139911,1780139912,1,5.8200,582.00,562.20,72.75,5.82,1279.58,429488.12
153,1780139912,1780139913,1,5.3900,539.00,525.20,67.38,5.39,1300.25,429488.12
154,1780139913,1780139914,1,4.7100,471.00,469.90,58.87,4.71,1330.36,429488.12
155,1780139914,1780139915,1,4.5000,450.00,452.50,56.25,4.50,1376.33,429488.12
156,1780139915,1780139916,1,5.5500,555.00,545.60,69.38,5.55,1381.77,429488.12
157,1780139916,1780139917,1,4.8600,486.00,476.30,60.75,4.86,1391.00,429488.12
158,1780139917,1780139918,1,3.8700,387.00,372.50,48.38,3.87,1444.28,429488.12
159,1780139918,1780139919,1,3.0100,301.00,349.40,37.63,3.01,1458.22,429488.12
160,1780139919,1780139920,1,6.1500,615.00,630.80,76.87,6.15,1463.44,429488.12
161,1780139920,1780139921,1,7.4600,746.00,727.60,93.25,7.46,1471.89,429488.12
162,1780139921,1780139922,1,6.6300,663.00,602.20,82.87,6.63,1453.89,429488.12
163,1780139922,1780139923,1,5.6100,561.00,540.00,70.13,5.61,1459.75,429488.12
164,1780139923,1780139924,1,4.7700,477.00,474.00,59.62,4.77,1465.34,429488.12
165,1780139924,1780139925,1,4.3700,437.00,417.00,54.63,4.37,1280.92,429488.12
166,1780139925,1780139926,1,5.5400,554.00,560.20,69.25,5.54,1126.62,429488.12
167,1780139926,1780139927,1,4.8400,484.00,473.10,60.50,4.84,1127.03,429488.12
168,1780139927,1780139928,1,4.9800,498.00,496.40,62.25,4.98,1127.80,429488.12
169,1780139928,1780139929,1,4.6800,468.00,454.80,58.50,4.68,1145.86,429488.12
170,1780139929,1780139930,1,4.6500,465.00,447.90,58.12,4.65,1135.94,429488.12
171,1780139930,1780139931,1,3.5400,354.00,351.30,44.25,3.54,1121.97,429488.12
172,1780139931,1780139932,1,3.3300,333.00,327.40,41.63,3.33,1174.09,429488.12
173,1780139932,1780139933,1,4.4900,449.00,489.50,56.13,4.49,1177.83,429488.12
174,1780139933,1780139934,1,5.1200,512.00,504.90,64.00,5.12,1264.81,429488.12
175,1780139934,1780139935,1,4.2600,426.00,427.40,53.25,4.26,1198.45,429488.12
176,1780139935,1780139936,1,5.3300,533.00,534.70,66.63,5.33,1191.67,429488.12
177,1780139936,1780139937,1,5.5800,558.00,551.80,69.75,5.58,1138.23,429488.12
178,1780139937,1780139938,1,5.5700,557.00,550.30,69.63,5.57,1060.23,429488.12
179,1780139938,1780139939,1,5.4600,546.00,540.50,68.25,5.46,958.81,429488.12
180,1780139939,1780139940,1,5.5800,558.00,546.90,69.75,5.58,1050.00,429488.12
181,1780139940,1780139941,1,5.5000,550.00,513.60,68.75,5.50,1190.80,429488.12
182,1780139941,1780139942,1,4.4900,449.00,444.30,56.13,4.49,1265.78,429488.12
183,1780139942,1780139943,1,5.1600,516.00,524.00,64.50,5.16,1250.48,429488.12
184,1780139943,1780139944,1,6.0200,602.00,569.30,75.25,6.02,1324.05,429488.12
185,1780139944,1780139945,1,4.5000,450.00,438.80,56.25,4.50,1287.11,429488.12
186,1780139945,1780139946,1,3.5700,357.00,354.50,44.63,3.57,1302.28,429488.12
187,1780139946,1780139947,1,3.6300,363.00,356.20,45.37,3.63,1325.70,429488.12
188,1780139947,1780139948,1,4.6900,469.00,514.00,58.63,4.69,1375.92,429488.12
189,1780139948,1780139949,1,6.2100,621.00,595.90,77.62,6.21,1388.38,429488.12
190,1780139949,1780139950,1,5.7500,575.00,564.90,71.88,5.75,1342.27,429488.12
191,1780139950,1780139951,1,5.3900,539.00,540.80,67.37,5.39,1299.73,429488.12
192,1780139951,1780139952,1,5.0600,506.00,474.90,63.25,5.06,1380.52,429488.12
193,1780139952,1780139953,1,4.0500,405.00,430.80,50.62,4.05,1424.67,429488.12
194,1780139953,1780139954,1,3.6000,360.00,357.20,45.00,3.60,1411.36,429488.12
195,1780139954,1780139955,1,5.0900,509.00,534.60,63.63,5.09,1434.56,429488.12
196,1780139955,1780139956,1,5.6200,562.00,544.50,70.25,5.62,1396.48,429488.12
197,1780139956,1780139957,1,6.0100,601.00,564.30,75.12,6.01,1408.55,429488.12
198,1780139957,1780139958,1,4.7100,471.00,473.60,58.87,4.71,1425.70,429488.12
199,1780139958,1780139959,1,3.9600,396.00,384.00,49.50,3.96,1458.30,429488.12
200,1780139959,1780139960,1,3.5900,359.00,273.40,44.88,3.59,1493.03,429488.12
201,1780139960,1780139961,1,2.9900,299.00,336.10,37.38,2.99,1470.73,429488.12
202,1780139961,1780139962,1,3.7400,374.00,397.60,46.75,3.74,1501.47,429488.12
203,1780139962,1780139963,1,5.2400,524.00,482.70,65.50,5.24,1474.06,429488.12
204,1780139963,1780139964,1,4.6800,468.00,467.40,58.50,4.68,1488.02,429488.12
205,1780139964,1780139965,1,4.9300,493.00,475.50,61.62,4.93,1393.73,429488.12
206,1780139965,1780139966,1,4.4900,449.00,453.30,56.13,4.49,1285.17,429488.12
207,1780139966,1780139967,1,4.4900,449.00,427.60,56.13,4.49,1287.06,429488.12
208,1780139967,1780139968,1,4.3600,436.00,401.00,54.50,4.36,1308.34,429488.12
209,1780139968,1780139969,1,4.4600,446.00,456.70,55.75,4.46,1329.56,429488.12
210,1780139969,1780139970,1,3.6800,368.00,326.40,46.00,3.68,1363.55,429488.12
211,1780139970,1780139971,1,1.3100,131.00,116.20,16.38,1.31,1337.52,429488.12
212,1780139971,1780139972,1,1.3800,138.00,108.80,17.25,1.38,1374.59,429488.12
213,1780139972,1780139973,1,1.0400,104.00,102.40,13.00,1.04,1374.80,429488.12
214,1780139973,1780139974,1,1.0300,103.00,101.50,12.87,1.03,1389.48,429488.12
215,1780139974,1780139975,1,1.0300,103.00,100.10,12.88,1.03,1373.17,429488.12
216,1780139975,1780139976,1,1.0400,104.00,101.20,13.00,1.04,1401.17,429488.12
217,1780139976,1780139977,1,1.0300,103.00,101.80,12.87,1.03,1359.41,429488.12
218,1780139977,1780139978,1,1.0500,105.00,104.00,13.13,1.05,1453.98,429488.12
219,1780139978,1780139979,1,1.0300,103.00,101.30,12.87,1.03,1477.75,429488.12
220,1780139979,1780139980,1,1.0400,104.00,101.60,13.00,1.04,1488.09,429488.12
221,1780139980,1780139981,1,1.0300,103.00,102.90,12.87,1.03,1450.33,429488.12
222,1780139981,1780139982,1,1.0400,104.00,101.30,13.00,1.04,1443.47,429488.12
223,1780139982,1780139983,1,1.0300,103.00,102.50,12.87,1.03,1354.05,429488.12
224,1780139983,1780139984,1,1.0300,103.00,102.50,12.87,1.03,1351.44,429488.12
226,1780139984,1780139986,2,1.0400,52.00,102.40,6.50,0.52,1372.05,429488.12
227,1780139986,1780139987,1,1.0300,103.00,102.30,12.87,1.03,1350.42,429488.12
228,1780139987,1780139988,1,1.0300,103.00,101.50,12.87,1.03,1337.50,429488.12
229,1780139988,1780139989,1,1.0400,104.00,103.00,13.00,1.04,1390.41,429488.12
230,1780139989,1780139990,1,2.4300,243.00,242.70,30.38,2.43,1426.28,429488.12
231,1780139990,1780139991,1,2.1900,219.00,207.00,27.37,2.19,1480.73,429488.12
232,1780139991,1780139992,1,3.3900,339.00,345.90,42.37,3.39,1518.03,429488.12
233,1780139992,1780139993,1,2.6800,268.00,248.10,33.50,2.68,1522.84,429488.12
234,1780139993,1780139994,1,2.0500,205.00,203.40,25.62,2.05,1527.00,429488.12
235,1780139994,1780139995,1,2.3400,234.00,261.30,29.25,2.34,1532.47,429488.12
236,1780139995,1780139996,1,5.6100,561.00,560.10,70.13,5.61,1543.53,429488.12
237,1780139996,1780139997,1,5.5400,554.00,518.50,69.25,5.54,1622.39,429488.12
238,1780139997,1780139998,1,5.5200,552.00,541.00,69.00,5.52,1623.55,429488.12
239,1780139998,1780139999,1,4.5000,450.00,457.30,56.25,4.50,1276.77,429488.12
240,1780139999,1780140000,1,4.5500,455.00,448.90,56.88,4.55,1020.00,429488.12
241,1780140000,1780140001,1,3.7100,371.00,374.40,46.37,3.71,1049.39,429488.12
242,1780140001,1780140002,1,3.4100,341.00,299.10,42.63,3.41,1083.50,429488.12
243,1780140002,1780140003,1,6.0200,602.00,614.60,75.25,6.02,912.91,429488.12
244,1780140003,1780140004,1,6.4100,641.00,586.10,80.12,6.41,1000.81,429488.12
245,1780140004,1780140005,1,2.7700,277.00,271.50,34.62,2.77,1066.41,429488.12
246,1780140005,1780140006,1,4.2500,425.00,458.40,53.12,4.25,1071.92,429488.12
247,1780140006,1780140007,1,3.4500,345.00,322.70,43.13,3.45,1077.83,429488.12
248,1780140007,1780140008,1,5.2900,529.00,544.60,66.12,5.29,1008.47,429488.12
249,1780140008,1780140009,1,5.6500,565.00,557.60,70.62,5.65,945.84,429488.12
250,1780140009,1780140010,1,4.9400,494.00,481.10,61.75,4.94,946.61,429488.12
251,1780140010,1780140011,1,3.9700,397.00,408.10,49.63,3.97,947.19,429488.12
252,1780140011,1780140012,1,5.2600,526.00,522.00,65.75,5.26,942.17,429488.12
253,1780140012,1780140013,1,5.7800,578.00,550.80,72.25,5.78,933.06,429488.12
254,1780140013,1780140014,1,6.5700,657.00,644.10,82.12,6.57,925.70,429488.12
255,1780140014,1780140015,1,4.3600,436.00,455.20,54.50,4.36,1038.08,429488.12
256,1780140015,1780140016,1,4.6600,466.00,482.50,58.25,4.66,1075.02,429488.12
257,1780140016,1780140017,1,5.3400,534.00,572.60,66.75,5.34,1101.03,429488.12
258,1780140017,1780140018,1,4.4400,444.00,450.60,55.50,4.44,1096.02,429488.12
259,1780140018,1780140019,1,4.7800,478.00,473.60,59.75,4.78,1101.78,429488.12
260,1780140019,1780140020,1,4.7900,479.00,474.50,59.87,4.79,1105.84,429488.12
261,1780140020,1780140021,1,3.6600,366.00,359.30,45.75,3.66,1109.95,429488.12
262,1780140021,1780140022,1,3.9800,398.00,427.50,49.75,3.98,1111.09,429488.12
263,1780140022,1780140023,1,5.4600,546.00,552.40,68.25,5.46,1110.55,429488.12
264,1780140023,1780140024,1,6.5900,659.00,652.70,82.38,6.59,1110.75,429488.12
265,1780140024,1780140025,1,5.6000,560.00,561.80,70.00,5.60,1111.44,429488.12
266,1780140025,1780140026,1,4.6400,464.00,428.90,58.00,4.64,997.34,429488.12
267,1780140026,1780140027,1,4.6000,460.00,448.50,57.50,4.60,863.97,429488.12
268,1780140027,1780140028,1,5.2300,523.00,549.40,65.38,5.23,925.34,429488.12
269,1780140028,1780140029,1,5.4600,546.00,533.60,68.25,5.46,1001.83,429488.12
270,1780140029,1780140030,1,5.6800,568.00,561.00,71.00,5.68,1021.27,429488.12
271,1780140030,1780140031,1,5.6200,562.00,548.60,70.25,5.62,1035.09,429488.12
272,1780140031,1780140032,1,5.1100,511.00,467.20,63.87,5.11,1071.58,429488.12
273,1780140032,1780140033,1,4.3300,433.00,402.40,54.13,4.33,1073.17,429488.12
274,1780140033,1780140034,1,4.5700,457.00,399.40,57.12,4.57,1080.47,429488.67
275,1780140034,1780140035,1,4.8400,484.00,471.60,60.50,4.84,1104.39,429488.67
276,1780140035,1780140036,1,3.9100,391.00,367.00,48.88,3.91,1107.22,429488.67
277,1780140036,1780140037,1,3.1500,315.00,314.20,39.37,3.15,1106.42,429488.67
278,1780140037,1780140038,1,4.8800,488.00,473.30,61.00,4.88,1085.95,429488.67
279,1780140038,1780140039,1,5.3000,530.00,551.10,66.25,5.30,1066.12,429488.67
280,1780140039,1780140040,1,4.9200,492.00,522.50,61.50,4.92,1076.14,429488.67
281,1780140040,1780140041,1,5.7500,575.00,516.40,71.88,5.75,1079.33,429488.67
282,1780140041,1780140042,1,4.7400,474.00,470.80,59.25,4.74,1070.78,429488.67
283,1780140042,1780140043,1,4.7600,476.00,474.60,59.50,4.76,1040.00,429488.67
284,1780140043,1780140044,1,3.6500,365.00,319.30,45.62,3.65,1049.28,429488.67
285,1780140044,1780140045,1,4.1100,411.00,379.80,51.38,4.11,1049.17,429488.67
286,1780140045,1780140046,1,1.8000,180.00,135.70,22.50,1.80,1058.05,429488.67
287,1780140046,1780140047,1,1.2900,129.00,127.60,16.12,1.29,1064.14,429488.67
288,1780140047,1780140048,1,1.0700,107.00,105.50,13.38,1.07,1063.16,429488.67
289,1780140048,1780140049,1,1.0600,106.00,103.10,13.25,1.06,1061.75,429488.67
290,1780140049,1780140050,1,1.0600,106.00,106.50,13.25,1.06,1083.02,429488.67
291,1780140050,1780140051,1,2.3200,232.00,300.00,29.00,2.32,1143.98,429488.67
292,1780140051,1780140052,1,4.3500,435.00,455.80,54.38,4.35,1144.53,429488.67
293,1780140052,1780140053,1,4.7100,471.00,470.50,58.88,4.71,1139.73,429488.67
294,1780140053,1780140054,1,4.7300,473.00,473.50,59.12,4.73,1147.84,429488.67
295,1780140054,1780140055,1,4.8000,480.00,509.60,60.00,4.80,1151.03,429488.67
296,1780140055,1780140056,1,3.1000,310.00,241.30,38.75,3.10,1151.95,429488.67
297,1780140056,1780140057,1,4.1600,416.00,391.50,52.00,4.16,1153.77,429488.67
298,1780140057,1780140058,1,3.4600,346.00,341.50,43.25,3.46,1153.36,429488.67
299,1780140058,1780140059,1,3.1200,312.00,281.30,39.00,3.12,1143.34,429488.67
300,1780140059,1780140060,1,3.5100,351.00,356.80,43.87,3.51,1108.20,429488.67
301,1780140060,1780140061,1,3.8200,382.00,370.40,47.75,3.82,1099.27,429488.67
302,1780140061,1780140062,1,5.9400,594.00,614.90,74.25,5.94,1101.41,429488.67
303,1780140062,1780140063,1,6.4100,641.00,636.70,80.13,6.41,1091.55,429488.67
304,1780140063,1780140064,1,5.8900,589.00,574.30,73.62,5.89,1131.47,429488.67
305,1780140064,1780140065,1,6.5700,657.00,655.40,82.13,6.57,1135.50,429488.67
306,1780140065,1780140066,1,5.7500,575.00,572.00,71.88,5.75,1138.58,429488.67
307,1780140066,1780140067,1,5.3500,535.00,553.70,66.87,5.35,1122.31,429488.67
309,1780140067,1780140069,2,5.8200,291.00,587.90,36.37,2.91,1089.00,429488.67
310,1780140069,1780140070,1,6.7200,672.00,659.80,84.00,6.72,1098.78,429488.67
311,1780140070,1780140071,1,5.9500,595.00,563.60,74.38,5.95,1100.22,429488.67
312,1780140071,1780140072,1,5.0700,507.00,532.50,63.37,5.07,1104.50,429488.67
313,1780140072,1780140073,1,4.7400,474.00,475.80,59.25,4.74,1053.95,429488.67
314,1780140073,1780140074,1,5.7800,578.00,567.20,72.25,5.78,1058.25,429488.67
315,1780140074,1780140075,1,5.6400,564.00,534.00,70.50,5.64,1050.19,429488.67
316,1780140075,1780140076,1,5.5900,559.00,525.40,69.87,5.59,1092.97,429488.67
317,1780140076,1780140077,1,4.2200,422.00,371.40,52.75,4.22,1158.89,429488.67
318,1780140077,1780140078,1,4.9200,492.00,588.60,61.50,4.92,1167.55,429488.67
319,1780140078,1780140079,1,5.7800,578.00,571.30,72.25,5.78,1180.91,429488.67
320,1780140079,1780140080,1,5.7900,579.00,570.20,72.37,5.79,1186.50,429488.67
321,1780140080,1780140081,1,5.3800,538.00,541.60,67.25,5.38,1191.45,429488.67
322,1780140081,1780140082,1,5.7500,575.00,567.10,71.88,5.75,1193.97,429488.67
323,1780140082,1780140083,1,4.3400,434.00,383.80,54.25,4.34,1180.92,429488.67
324,1780140083,1780140084,1,4.1500,415.00,447.60,51.88,4.15,1177.48,429488.67
325,1780140084,1780140085,1,6.5500,655.00,674.30,81.87,6.55,1179.77,429488.67
326,1780140085,1780140086,1,6.2000,620.00,521.70,77.50,6.20,1015.22,429488.67
327,1780140086,1780140087,1,4.9200,492.00,460.30,61.50,4.92,982.02,429488.67
328,1780140087,1780140088,1,4.6600,466.00,444.80,58.25,4.66,980.23,429488.67
329,1780140088,1780140089,1,5.3000,530.00,526.00,66.25,5.30,1029.50,429488.67
330,1780140089,1780140090,1,4.9100,491.00,471.10,61.38,4.91,1041.12,429488.67
331,1780140090,1780140091,1,4.8700,487.00,479.50,60.87,4.87,1054.83,429488.67
332,1780140091,1780140092,1,4.8200,482.00,475.20,60.25,4.82,1068.64,429488.67
333,1780140092,1780140093,1,5.8100,581.00,564.60,72.63,5.81,1069.75,429488.67
334,1780140093,1780140094,1,5.2200,522.00,484.70,65.25,5.22,1074.12,429488.67
335,1780140094,1780140095,1,4.0300,403.00,405.70,50.37,4.03,1075.84,429488.67
336,1780140095,1780140096,1,4.7000,470.00,464.00,58.75,4.70,1078.59,429488.67
337,1780140096,1780140097,1,4.8000,480.00,523.10,60.00,4.80,1079.81,429488.67
338,1780140097,1780140098,1,5.7100,571.00,560.20,71.38,5.71,1012.98,429488.67
339,1780140098,1780140099,1,5.9500,595.00,606.50,74.37,5.95,992.83,429488.67
340,1780140099,1780140100,1,6.2800,628.00,594.40,78.50,6.28,840.19,429488.67
341,1780140100,1780140101,1,5.5600,556.00,647.40,69.50,5.56,861.09,429488.67
342,1780140101,1780140102,1,7.1000,710.00,693.10,88.75,7.10,881.89,429488.67
343,1780140102,1780140103,1,6.6100,661.00,655.30,82.63,6.61,909.70,429488.67
344,1780140103,1780140104,1,5.8400,584.00,571.30,73.00,5.84,996.30,429488.67
345,1780140104,1780140105,1,5.4000,540.00,508.00,67.50,5.40,998.80,429488.67
346,1780140105,1780140106,1,4.8500,485.00,479.60,60.62,4.85,1017.59,429488.67
347,1780140106,1780140107,1,4.9300,493.00,486.20,61.63,4.93,1023.30,429488.67
348,1780140107,1780140108,1,4.6900,469.00,462.20,58.62,4.69,1058.88,429488.67
349,1780140108,1780140109,1,4.7200,472.00,504.00,59.00,4.72,1154.48,429488.67
350,1780140109,1780140110,1,4.7800,478.00,461.70,59.75,4.78,1146.53,429488.67
351,1780140110,1780140111,1,4.6000,460.00,492.30,57.50,4.60,1140.09,429488.67
352,1780140111,1780140112,1,5.5000,550.00,518.20,68.75,5.50,1134.66,429488.67
353,1780140112,1780140113,1,4.4900,449.00,445.00,56.13,4.49,1036.44,429488.67
354,1780140113,1780140114,1,5.0600,506.00,534.30,63.25,5.06,993.03,429488.67
355,1780140114,1780140115,1,6.0100,601.00,575.40,75.12,6.01,1046.88,429488.67
356,1780140115,1780140116,1,5.5100,551.00,562.80,68.87,5.51,1081.52,429488.67
357,1780140116,1780140117,1,6.6700,667.00,713.40,83.38,6.67,1095.11,429488.67
358,1780140117,1780140118,1,6.8500,685.00,588.70,85.62,6.85,1072.42,429488.67
359,1780140118,1780140119,1,6.5000,650.00,628.40,81.25,6.50,1056.81,429488.67
360,1780140119,1780140120,1,5.0500,505.00,487.50,63.12,5.05,1079.45,429488.67
361,1780140120,1780140121,1,5.5500,555.00,519.40,69.38,5.55,1153.50,429488.67
362,1780140121,1780140122,1,4.7500,475.00,445.50,59.38,4.75,1096.30,429488.67
363,1780140122,1780140123,1,3.5400,354.00,298.30,44.25,3.54,1086.39,429488.67
364,1780140123,1780140124,1,2.5400,254.00,195.00,31.75,2.54,1212.55,429488.67
365,1780140124,1780140125,1,2.9000,290.00,326.90,36.25,2.90,1225.45,429488.67
366,1780140125,1780140126,1,5.7800,578.00,631.80,72.25,5.78,1235.91,429488.67
367,1780140126,1780140127,1,5.8800,588.00,569.80,73.50,5.88,1234.77,429488.67
368,1780140127,1780140128,1,5.9300,593.00,570.10,74.13,5.93,1233.36,429488.67
369,1780140128,1780140129,1,5.0000,500.00,485.30,62.50,5.00,1242.45,429488.67
370,1780140129,1780140130,1,4.4300,443.00,472.70,55.38,4.43,1246.02,429488.67
371,1780140130,1780140131,1,3.8200,382.00,397.80,47.75,3.82,1246.89,429488.67
372,1780140131,1780140132,1,5.3800,538.00,564.90,67.25,5.38,1247.45,429488.67
373,1780140132,1780140133,1,5.7400,574.00,566.60,71.75,5.74,1247.83,429488.67
374,1780140133,1780140134,1,5.4500,545.00,520.30,68.13,5.45,1249.98,429488.67
375,1780140134,1780140135,1,5.6000,560.00,563.50,70.00,5.60,1251.64,429488.67
376,1780140135,1780140136,1,5.2000,520.00,491.30,65.00,5.20,1252.17,429488.67
377,1780140136,1780140137,1,5.1700,517.00,478.30,64.63,5.17,1253.58,429488.67
379,1780140137,1780140139,2,5.5000,275.00,521.20,34.38,2.75,1346.80,429488.67
380,1780140139,1780140140,1,4.2700,427.00,459.10,53.37,4.27,1409.94,429488.67
381,1780140140,1780140141,1,5.3900,539.00,527.90,67.38,5.39,1448.28,429488.67
382,1780140141,1780140142,1,6.2100,621.00,618.60,77.62,6.21,1449.81,429488.67
383,1780140142,1780140143,1,5.8200,582.00,567.50,72.75,5.82,1421.73,429488.67
384,1780140143,1780140144,1,5.8100,581.00,614.50,72.62,5.81,1192.67,429488.67
385,1780140144,1780140145,1,5.2600,526.00,571.50,65.75,5.26,1201.38,429488.67
386,1780140145,1780140146,1,5.6700,567.00,548.90,70.88,5.67,1214.66,429488.67
387,1780140146,1780140147,1,5.1400,514.00,553.10,64.25,5.14,970.00,429488.67
388,1780140147,1780140148,1,6.2700,627.00,661.60,78.37,6.27,1006.92,429488.67
389,1780140148,1780140149,1,6.6500,665.00,613.40,83.13,6.65,1007.08,429488.67
390,1780140149,1780140150,1,5.4900,549.00,524.00,68.63,5.49,1032.70,429488.67
391,1780140150,1780140151,1,4.7700,477.00,467.10,59.62,4.77,1000.45,429488.67
392,1780140151,1780140152,1,5.7100,571.00,587.00,71.38,5.71,1022.45,429488.67
393,1780140152,1780140153,1,5.9000,590.00,534.50,73.75,5.90,1054.83,429488.67
394,1780140153,1780140154,1,6.8400,684.00,652.60,85.50,6.84,1077.00,429488.67
395,1780140154,1780140155,1,6.2600,626.00,587.50,78.25,6.26,1089.73,429488.67
396,1780140155,1780140156,1,5.6800,568.00,558.80,71.00,5.68,1188.89,429488.67
397,1780140156,1780140157,1,5.6100,561.00,534.70,70.12,5.61,1189.95,429488.67
398,1780140157,1780140158,1,5.0500,505.00,536.50,63.12,5.05,1103.59,429488.67
399,1780140158,1780140159,1,5.8700,587.00,587.60,73.38,5.87,1109.06,429488.67
400,1780140159,1780140160,1,5.6900,569.00,570.00,71.12,5.69,1142.22,429488.67
401,1780140160,1780140161,1,5.3200,532.00,552.80,66.50,5.32,1161.84,429488.67
402,1780140161,1780140162,1,4.9100,491.00,507.70,61.37,4.91,1181.39,429488.67
403,1780140162,1780140163,1,5.8600,586.00,574.10,73.25,5.86,1187.81,429488.67
404,1780140163,1780140164,1,6.4500,645.00,653.30,80.63,6.45,1215.92,429488.67
405,1780140164,1780140165,1,6.2900,629.00,589.00,78.62,6.29,1238.16,429488.67
406,1780140165,1780140166,1,5.7200,572.00,572.00,71.50,5.72,1243.89,429488.67
407,1780140166,1780140167,1,4.7300,473.00,411.50,59.13,4.73,1245.45,429488.67
408,1780140167,1780140168,1,4.6100,461.00,508.00,57.62,4.61,1224.89,429488.67
409,1780140168,1780140169,1,5.4800,548.00,510.80,68.50,5.48,1223.89,429488.67
410,1780140169,1780140170,1,5.0800,508.00,534.10,63.50,5.08,1104.84,429488.67
411,1780140170,1780140171,1,4.9700,497.00,473.90,62.13,4.97,1036.05,429488.67
412,1780140171,1780140172,1,5.3700,537.00,551.90,67.13,5.37,942.30,429488.67
413,1780140172,1780140173,1,5.1600,516.00,532.20,64.50,5.16,750.30,429488.67
414,1780140173,1780140174,1,6.2000,620.00,628.70,77.50,6.20,746.20,429488.67
415,1780140174,1780140175,1,5.5600,556.00,554.10,69.50,5.56,752.77,429488.67
416,1780140175,1780140176,1,5.6900,569.00,567.80,71.13,5.69,783.67,429488.67
417,1780140176,1780140177,1,5.3500,535.00,501.30,66.87,5.35,842.31,429488.67
418,1780140177,1780140178,1,5.3600,536.00,553.20,67.00,5.36,951.19,429488.67
419,1780140178,1780140179,1,5.5300,553.00,552.60,69.12,5.53,1027.02,429488.67
420,1780140179,1780140180,1,3.7900,379.00,319.40,47.37,3.79,1037.56,429488.67
421,1780140180,1780140181,1,3.1100,311.00,301.00,38.88,3.11,1046.53,429488.67
422,1780140181,1780140182,1,2.9100,291.00,264.80,36.37,2.91,1050.92,429488.67
423,1780140182,1780140183,1,2.1900,219.00,217.80,27.38,2.19,1085.62,429488.67
424,1780140183,1780140184,1,2.1000,210.00,202.20,26.25,2.10,1096.34,429488.67
425,1780140184,1780140185,1,2.0400,204.00,200.10,25.50,2.04,1097.33,429488.67
426,1780140185,1780140186,1,2.0400,204.00,200.30,25.50,2.04,1097.48,429488.67
427,1780140186,1780140187,1,2.0500,205.00,202.90,25.62,2.05,1101.67,429488.67
428,1780140187,1780140188,1,2.0400,204.00,200.00,25.50,2.04,1104.44,429488.67
429,1780140188,1780140189,1,2.0700,207.00,203.20,25.87,2.07,1107.44,429488.67
430,1780140189,1780140190,1,2.0900,209.00,207.00,26.13,2.09,1110.61,429488.67
431,1780140190,1780140191,1,2.0400,204.00,201.60,25.50,2.04,1124.59,429488.67
432,1780140191,1780140192,1,2.0400,204.00,201.10,25.50,2.04,1143.23,429488.67
433,1780140192,1780140193,1,1.7500,175.00,151.80,21.88,1.75,1153.69,429488.67
434,1780140193,1780140194,1,1.0300,103.00,104.30,12.87,1.03,1153.11,429488.67
435,1780140194,1780140195,1,1.1900,119.00,142.70,14.88,1.19,1153.05,429488.67
436,1780140195,1780140196,1,2.0300,203.00,198.40,25.37,2.03,1151.52,429488.67
437,1780140196,1780140197,1,2.0400,204.00,200.60,25.50,2.04,1150.03,429488.67
438,1780140197,1780140198,1,2.0500,205.00,202.80,25.62,2.05,1094.00,429488.67
439,1780140198,1780140199,1,2.0400,204.00,202.90,25.50,2.04,1109.36,429488.67
440,1780140199,1780140200,1,2.1900,219.00,233.00,27.37,2.19,1139.70,429488.67
441,1780140200,1780140201,1,2.3900,239.00,220.20,29.88,2.39,1161.30,429488.67
442,1780140201,1780140202,1,2.0400,204.00,202.80,25.50,2.04,1167.75,429488.67
443,1780140202,1780140203,1,2.0500,205.00,201.30,25.62,2.05,1170.08,429488.67
444,1780140203,1780140204,1,2.0300,203.00,202.70,25.37,2.03,1171.61,429488.67
445,1780140204,1780140205,1,2.0500,205.00,202.20,25.63,2.05,1172.05,429488.67
446,1780140205,1780140206,1,2.0300,203.00,201.10,25.37,2.03,1034.09,429488.67
447,1780140206,1780140207,1,2.0400,204.00,201.90,25.50,2.04,1034.20,429488.67
448,1780140207,1780140208,1,2.0400,204.00,198.90,25.50,2.04,902.03,429488.67
449,1780140208,1780140209,1,2.0400,204.00,200.40,25.50,2.04,824.20,429488.67
450,1780140209,1780140210,1,2.0400,204.00,201.60,25.50,2.04,824.31,429488.67
451,1780140210,1780140211,1,2.0400,204.00,202.10,25.50,2.04,815.05,429488.67
452,1780140211,1780140212,1,2.0500,205.00,201.30,25.63,2.05,786.81,429488.67
453,1780140212,1780140213,1,2.0400,204.00,200.00,25.50,2.04,780.80,429488.67
454,1780140213,1780140214,1,2.0400,204.00,198.60,25.50,2.04,781.14,429488.67
455,1780140214,1780140215,1,2.0300,203.00,200.70,25.37,2.03,781.25,429488.67
456,1780140215,1780140216,1,2.0300,203.00,197.50,25.37,2.03,676.66,429488.67
457,1780140216,1780140217,1,2.0400,204.00,200.00,25.50,2.04,682.61,429488.67
458,1780140217,1780140218,1,2.0400,204.00,199.60,25.50,2.04,683.89,429488.67
459,1780140218,1780140219,1,2.0400,204.00,199.50,25.50,2.04,686.94,429488.67
461,1780140219,1780140221,2,2.0300,101.50,200.50,12.69,1.01,696.23,429487.58
462,1780140221,1780140222,1,2.0500,205.00,199.60,25.62,2.05,703.19,429487.58
463,1780140222,1780140223,1,2.0400,204.00,202.00,25.50,2.04,704.78,429488.12
464,1780140223,1780140224,1,2.0400,204.00,201.60,25.50,2.04,704.89,429488.12
465,1780140224,1780140225,1,2.0400,204.00,202.40,25.50,2.04,706.64,429488.12
466,1780140225,1780140226,1,2.0400,204.00,200.70,25.50,2.04,707.06,429488.12
467,1780140226,1780140227,1,2.0500,205.00,200.40,25.62,2.05,707.09,429488.12
468,1780140227,1780140228,1,2.0500,205.00,200.00,25.62,2.05,707.00,429488.12
469,1780140228,1780140229,1,2.0200,202.00,200.10,25.25,2.02,706.94,429488.12
470,1780140229,1780140230,1,1.9800,198.00,192.80,24.75,1.98,625.86,429488.12
471,1780140230,1780140231,1,2.0600,206.00,203.20,25.75,2.06,627.59,429488.12
472,1780140231,1780140232,1,2.0400,204.00,201.30,25.50,2.04,625.98,429488.12
473,1780140232,1780140233,1,2.0500,205.00,200.30,25.63,2.05,625.98,429488.12
474,1780140233,1780140234,1,2.0400,204.00,202.70,25.50,2.04,623.17,429488.12
475,1780140234,1780140235,1,2.0400,204.00,198.80,25.50,2.04,619.53,429488.12
476,1780140235,1780140236,1,2.0400,204.00,201.10,25.50,2.04,618.20,429488.12
477,1780140236,1780140237,1,2.0400,204.00,200.60,25.50,2.04,618.20,429488.12
478,1780140237,1780140238,1,2.0700,207.00,201.10,25.88,2.07,619.66,429488.12
479,1780140238,1780140239,1,2.0400,204.00,199.90,25.50,2.04,619.70,429488.12
480,1780140239,1780140240,1,2.0500,205.00,200.60,25.62,2.05,621.08,429488.12
481,1780140240,1780140241,1,2.0300,203.00,200.10,25.37,2.03,629.27,429488.12
482,1780140241,1780140242,1,2.0500,205.00,200.00,25.62,2.05,642.45,429488.12
483,1780140242,1780140243,1,2.0400,204.00,200.90,25.50,2.04,654.27,429488.12
484,1780140243,1780140244,1,2.0300,203.00,202.60,25.38,2.03,666.28,429488.12
485,1780140244,1780140245,1,2.0300,203.00,202.50,25.37,2.03,676.14,429488.12
486,1780140245,1780140246,1,2.0400,204.00,202.60,25.50,2.04,690.41,429488.12
487,1780140246,1780140247,1,2.0400,204.00,202.30,25.50,2.04,693.36,429488.12
488,1780140247,1780140248,1,2.0400,204.00,202.30,25.50,2.04,708.03,429488.12
489,1780140248,1780140249,1,2.0400,204.00,200.30,25.50,2.04,705.34,429488.12
490,1780140249,1780140250,1,2.0500,205.00,199.50,25.63,2.05,717.75,429488.12
491,1780140250,1780140251,1,2.0200,202.00,199.90,25.25,2.02,731.50,429488.12
492,1780140251,1780140252,1,2.0500,205.00,199.80,25.62,2.05,736.86,429488.12
493,1780140252,1780140253,1,2.0400,204.00,202.60,25.50,2.04,746.80,429488.12
494,1780140253,1780140254,1,2.0400,204.00,203.00,25.50,2.04,763.62,429488.12
495,1780140254,1780140255,1,2.0400,204.00,200.40,25.50,2.04,772.97,429488.12
496,1780140255,1780140256,1,2.0600,206.00,203.50,25.75,2.06,783.75,429488.12
497,1780140256,1780140257,1,2.0500,205.00,203.20,25.62,2.05,793.80,429488.12
498,1780140257,1780140258,1,2.0600,206.00,203.50,25.75,2.06,798.11,429488.12
499,1780140258,1780140259,1,2.0600,206.00,201.10,25.75,2.06,809.34,429488.12
500,1780140259,1780140260,1,2.0500,205.00,201.20,25.62,2.05,818.67,429488.12
501,1780140260,1780140261,1,2.0300,203.00,201.10,25.38,2.03,834.42,429488.12
502,1780140261,1780140262,1,2.0600,206.00,203.60,25.75,2.06,843.86,429488.12
503,1780140262,1780140263,1,2.0500,205.00,202.20,25.62,2.05,851.14,429488.12
504,1780140263,1780140264,1,2.0400,204.00,203.00,25.50,2.04,855.64,429488.12
505,1780140264,1780140265,1,2.0500,205.00,202.30,25.62,2.05,868.64,429488.12
506,1780140265,1780140266,1,2.0200,202.00,198.50,25.25,2.02,796.22,429488.12
507,1780140266,1780140267,1,2.0500,205.00,202.80,25.63,2.05,810.91,429488.12
508,1780140267,1780140268,1,2.0500,205.00,202.60,25.62,2.05,816.78,429488.12
509,1780140268,1780140269,1,2.0300,203.00,202.00,25.38,2.03,822.44,429488.12
510,1780140269,1780140270,1,2.0500,205.00,201.50,25.63,2.05,777.98,429488.12
511,1780140270,1780140271,1,2.0500,205.00,203.40,25.62,2.05,788.41,429488.12
512,1780140271,1780140272,1,1.9700,197.00,195.10,24.63,1.97,714.75,429488.12
513,1780140272,1780140273,1,2.0600,206.00,203.50,25.75,2.06,656.06,429488.12
514,1780140273,1780140274,1,2.0700,207.00,203.20,25.87,2.07,668.14,429488.12
515,1780140274,1780140275,1,2.0600,206.00,202.30,25.75,2.06,678.17,429488.12
516,1780140275,1780140276,1,2.0400,204.00,202.30,25.50,2.04,664.61,429488.12
517,1780140276,1780140277,1,2.0500,205.00,202.10,25.62,2.05,678.70,429488.12
518,1780140277,1780140278,1,2.0600,206.00,203.90,25.75,2.06,663.62,429488.12
519,1780140278,1780140279,1,2.0600,206.00,203.20,25.75,2.06,635.97,429488.12
520,1780140279,1780140280,1,2.0700,207.00,200.30,25.88,2.07,648.64,429488.12
521,1780140280,1780140281,1,2.0700,207.00,203.90,25.88,2.07,660.08,429487.58
522,1780140281,1780140282,1,2.0600,206.00,202.60,25.75,2.06,666.91,429488.12
523,1780140282,1780140283,1,2.0700,207.00,204.50,25.87,2.07,665.64,429488.12
524,1780140283,1780140284,1,2.0700,207.00,202.20,25.88,2.07,672.50,429488.12
525,1780140284,1780140285,1,2.0700,207.00,204.00,25.88,2.07,682.23,429488.12
526,1780140285,1780140286,1,2.0600,206.00,204.00,25.75,2.06,692.88,429488.12
527,1780140286,1780140287,1,2.0600,206.00,204.10,25.75,2.06,700.05,429488.12
528,1780140287,1780140288,1,2.0600,206.00,204.00,25.75,2.06,707.41,429488.12
529,1780140288,1780140289,1,2.0700,207.00,201.60,25.88,2.07,693.98,429488.12
530,1780140289,1780140290,1,2.0600,206.00,202.90,25.75,2.06,702.56,429488.12
531,1780140290,1780140291,1,2.0500,205.00,203.70,25.62,2.05,715.44,429488.12
532,1780140291,1780140292,1,2.0600,206.00,204.40,25.75,2.06,724.77,429487.58
533,1780140292,1780140293,1,2.0800,208.00,204.20,26.00,2.08,730.02,429487.58
534,1780140293,1780140294,1,2.0600,206.00,203.50,25.75,2.06,736.00,429487.58
535,1780140294,1780140295,1,2.0700,207.00,202.80,25.87,2.07,744.08,429487.58
536,1780140295,1780140296,1,2.0600,206.00,203.00,25.75,2.06,751.34,429487.58
537,1780140296,1780140297,1,2.0500,205.00,202.00,25.62,2.05,761.64,429487.58
538,1780140297,1780140298,1,2.0700,207.00,201.90,25.88,2.07,772.16,429488.12
539,1780140298,1780140299,1,2.0600,206.00,201.60,25.75,2.06,779.78,429488.12
540,1780140299,1780140300,1,2.0600,206.00,203.90,25.75,2.06,787.89,429488.12
541,1780140300,1780140301,1,2.0800,208.00,203.30,26.00,2.08,796.36,429488.12
543,1780140301,1780140303,2,2.0600,103.00,203.20,12.87,1.03,804.91,429488.12
544,1780140303,1780140304,1,2.0700,207.00,200.70,25.88,2.07,931.83,429488.12
545,1780140304,1780140305,1,2.0600,206.00,204.00,25.75,2.06,1112.75,429488.12
546,1780140305,1780140306,1,2.0600,206.00,200.50,25.75,2.06,1113.06,429488.12
547,1780140306,1780140307,1,2.0700,207.00,201.90,25.88,2.07,1132.27,429488.12
548,1780140307,1780140308,1,2.0700,207.00,201.30,25.88,2.07,1133.12,429488.12
549,1780140308,1780140309,1,2.0700,207.00,203.10,25.87,2.07,1133.41,429488.12
550,1780140309,1780140310,1,2.0000,200.00,178.00,25.00,2.00,1251.52,429488.12
551,1780140310,1780140311,1,1.6200,162.00,159.80,20.25,1.62,1303.44,429488.12
